Image Name,Category,Freshness,Expected Lifespan
0001.jpg,BROCOLI,6,3
0002.jpg,BROCOLI,4,2
0003.jpg,BROCOLI,6,3
0004.jpg,BROCOLI,6,3
0005.jpg,BROCOLI,6,3
0006.jpg,BROCOLI,7,4
0007.jpg,BROCOLI,7,4
0008.jpg,BROCOLI,6,3
0009.jpg,BROCOLI,6,3
0010.jpg,BROCOLI,4,2
0011.jpg,BROCOLI,5,3
0012.jpg,BROCOLI,6,3
0013.jpg,BROCOLI,7,4
0014.jpg,BROCOLI,4,2
0016.jpg,BROCOLI,6,3
0017.jpg,BROCOLI,5,3
0018.jpg,BROCOLI,6,3
0019.jpg,BROCOLI,5,3
0020.jpg,BROCOLI,7,4
0021.jpg,BROCOLI,7,4
0023.jpg,BROCOLI,6,3
0024.jpg,BROCOLI,5,3
0025.jpg,BROCOLI,4,2
0027.jpg,BROCOLI,6,3
0028.jpg,BROCOLI,4,2
0029.jpg,BROCOLI,6,3
0031.jpg,BROCOLI,6,3
0032.jpg,BROCOLI,6,3
0033.jpg,BROCOLI,4,2
0034.jpg,BROCOLI,5,3
0035.jpg,BROCOLI,7,4
0036.jpg,BROCOLI,6,3
0037.jpg,BROCOLI,6,3
0038.jpg,BROCOLI,6,3
0040.jpg,BROCOLI,6,3
0041.jpg,BROCOLI,7,4
0042.jpg,BROCOLI,6,3
0044.jpg,BROCOLI,6,3
0045.jpg,BROCOLI,5,3
0046.jpg,BROCOLI,5,3
0047.jpg,BROCOLI,5,3
0048.jpg,BROCOLI,5,3
0049.jpg,BROCOLI,5,3
0050.jpg,BROCOLI,5,3
1211.jpg,BROCOLI,5,3
1213.jpg,BROCOLI,5,3
1220.jpg,BROCOLI,7,4
1224.jpg,BROCOLI,6,3
1228.jpg,BROCOLI,6,3
1229.jpg,BROCOLI,7,4
