Image Name,Category,Freshness,Expected Lifespan
0001.jpg,BROCOLI,6,3
0002.jpg,BROCOLI,4,2
0003.jpg,BROCOLI,6,3
0004.jpg,BROCOLI,6,3
0005.jpg,BROCOLI,6,3
0006.jpg,BROCOLI,7,4
0007.jpg,BROCOLI,7,4
0008.jpg,BROCOLI,6,3
0009.jpg,BROCOLI,6,3
0010.jpg,BROCOLI,4,2
0011.jpg,BROCOLI,5,3
0012.jpg,BROCOLI,6,3
0013.jpg,BROCOLI,7,4
0014.jpg,BROCOLI,4,2
0016.jpg,BROCOLI,6,3
0017.jpg,BROCOLI,5,3
0018.jpg,BROCOLI,6,3
0019.jpg,BROCOLI,5,3
0020.jpg,BROCOLI,7,4
0021.jpg,BROCOLI,7,4
0023.jpg,BROCOLI,6,3
0024.jpg,BROCOLI,5,3
0025.jpg,BROCOLI,4,2
0027.jpg,BROCOLI,6,3
0028.jpg,BROCOLI,4,2
0029.jpg,BROCOLI,6,3
0031.jpg,BROCOLI,6,3
0032.jpg,BROCOLI,6,3
0033.jpg,BROCOLI,4,2
0034.jpg,BROCOLI,5,3
0035.jpg,BROCOLI,7,4
0036.jpg,BROCOLI,6,3
0037.jpg,BROCOLI,6,3
0038.jpg,BROCOLI,6,3
0040.jpg,BROCOLI,6,3
0041.jpg,BROCOLI,7,4
0042.jpg,BROCOLI,6,3
0044.jpg,BROCOLI,6,3
0045.jpg,BROCOLI,5,3
0046.jpg,BROCOLI,5,3
0047.jpg,BROCOLI,5,3
0048.jpg,BROCOLI,5,3
0049.jpg,BROCOLI,5,3
0050.jpg,BROCOLI,5,3
1211.jpg,BROCOLI,5,3
1213.jpg,BROCOLI,5,3
1220.jpg,BROCOLI,7,4
1224.jpg,BROCOLI,6,3
1228.jpg,BROCOLI,6,3
1229.jpg,BROCOLI,7,4
image_1.jpg,ONION,7,14
image_100.jpg,ONION,5,10
image_101.jpg,ONION,1,1
image_102.jpg,ONION,2,3
Image_14.jpg,ONION,5,10
Image_18.jpg,ONION,4,8
Image_19.jpg,ONION,7,14
Image_22.jpg,ONION,6,12
Image_29.jpg,ONION,6,12
Image_3.jpg,ONION,4,8
Image_32.jpg,ONION,7,14
Image_38.jpg,ONION,7,14
Image_40.jpg,ONION,6,12
Image_41.jpg,ONION,8,16
Image_45.jpg,ONION,5,10
Image_60.jpg,ONION,6,12
Image_62.jpg,ONION,6,12
Image_65.jpg,ONION,7,14
Image_66.jpg,ONION,7,14
Image_82.jpg,ONION,6,12
Image_89.jpg,ONION,4,8
Image_98.jpg,ONION,6,12
Image_99.jpg,ONION,5,10
1.jpg,PAPAYA,6,3
10.jpg,PAPAYA,4,2
11.jpg,PAPAYA,4,2
12.jpg,PAPAYA,6,3
13.jpg,PAPAYA,5,3
14.jpg,PAPAYA,4,2
15.jpg,PAPAYA,5,3
16.jpg,PAPAYA,5,3
17.jpg,PAPAYA,6,3
18.jpg,PAPAYA,6,3
19.jpg,PAPAYA,5,3
2.jpg,PAPAYA,6,3
20.jpg,PAPAYA,4,2
21.jpg,PAPAYA,5,3
22.jpg,PAPAYA,5,3
23.jpg,PAPAYA,4,2
24.jpg,PAPAYA,5,3
25.jpg,PAPAYA,6,3
26.jpg,PAPAYA,5,3
27.jpg,PAPAYA,5,3
28.jpg,PAPAYA,5,3
29.jpg,PAPAYA,6,3
3.jpg,PAPAYA,4,2
30.jpg,PAPAYA,3,1
31.jpg,PAPAYA,6,3
32.jpg,PAPAYA,5,3
33.jpg,PAPAYA,5,3
34.jpg,PAPAYA,6,3
35.jpg,PAPAYA,7,4
36.jpg,PAPAYA,6,3
37.jpg,PAPAYA,5,3
38.jpg,PAPAYA,5,3
39.jpg,PAPAYA,7,4
4.jpg,PAPAYA,6,3
40.jpg,PAPAYA,4,2
41.jpg,PAPAYA,6,3
42.jpg,PAPAYA,5,3
43.jpg,PAPAYA,6,3
44.jpg,PAPAYA,6,3
5.jpg,PAPAYA,5,3
6.jpg,PAPAYA,5,3
7.jpg,PAPAYA,5,3
8.jpg,PAPAYA,3,2
9.jpg,PAPAYA,6,3
