Image Name,Category,Freshness,Expected Lifespan
image_1.jpg,ONION,7,14
image_100.jpg,ONION,5,10
image_101.jpg,ONION,1,1
image_102.jpg,ONION,2,3
Image_14.jpg,ONION,5,10
Image_18.jpg,ONION,4,8
Image_19.jpg,ONION,7,14
Image_22.jpg,ONION,6,12
Image_29.jpg,ONION,6,12
Image_3.jpg,ONION,4,8
Image_32.jpg,ONION,7,14
Image_38.jpg,ONION,7,14
Image_40.jpg,ONION,6,12
Image_41.jpg,ONION,8,16
Image_45.jpg,ONION,5,10
Image_60.jpg,ONION,6,12
Image_62.jpg,ONION,6,12
Image_65.jpg,ONION,7,14
Image_66.jpg,ONION,7,14
Image_82.jpg,ONION,6,12
Image_89.jpg,ONION,4,8
Image_98.jpg,ONION,6,12
Image_99.jpg,ONION,5,10
