Image Name,Category,Freshness,Expected Lifespan
1.jpg,PAPAYA,6,3
10.jpg,PAPAYA,4,2
11.jpg,PAPAYA,4,2
12.jpg,PAPAYA,6,3
13.jpg,PAPAYA,5,3
14.jpg,PAPAYA,4,2
15.jpg,PAPAYA,5,3
16.jpg,PAPAYA,5,3
17.jpg,PAPAYA,6,3
18.jpg,PAPAYA,6,3
19.jpg,PAPAYA,5,3
2.jpg,PAPAYA,6,3
20.jpg,PAPAYA,4,2
21.jpg,PAPAYA,5,3
22.jpg,PAPAYA,5,3
23.jpg,PAPAYA,4,2
24.jpg,PAPAYA,5,3
25.jpg,PAPAYA,6,3
26.jpg,PAPAYA,5,3
27.jpg,PAPAYA,5,3
28.jpg,PAPAYA,5,3
29.jpg,PAPAYA,6,3
3.jpg,PAPAYA,4,2
30.jpg,PAPAYA,3,1
31.jpg,PAPAYA,6,3
32.jpg,PAPAYA,5,3
33.jpg,PAPAYA,5,3
34.jpg,PAPAYA,6,3
35.jpg,PAPAYA,7,4
36.jpg,PAPAYA,6,3
37.jpg,PAPAYA,5,3
38.jpg,PAPAYA,5,3
39.jpg,PAPAYA,7,4
4.jpg,PAPAYA,6,3
40.jpg,PAPAYA,4,2
41.jpg,PAPAYA,6,3
42.jpg,PAPAYA,5,3
43.jpg,PAPAYA,6,3
44.jpg,PAPAYA,6,3
5.jpg,PAPAYA,5,3
6.jpg,PAPAYA,5,3
7.jpg,PAPAYA,5,3
8.jpg,PAPAYA,3,2
9.jpg,PAPAYA,6,3
